from ;to;tipo;image
Allsafe;Gideon Goddard;Organization;https://images-na.ssl-images-amazon.com/images/I/713cj0tqzpL._UL1500_.jpg
Allsafe;Lloyd Chong;Organization;https://images-na.ssl-images-amazon.com/images/I/713cj0tqzpL._UL1500_.jpg
Allsafe;Oliver Parker;Organization;https://images-na.ssl-images-amazon.com/images/I/713cj0tqzpL._UL1500_.jpg
Allsafe;Angela Moss;Organization;https://images-na.ssl-images-amazon.com/images/I/713cj0tqzpL._UL1500_.jpg
Allsafe;Elliot Alderson;Organization;https://images-na.ssl-images-amazon.com/images/I/713cj0tqzpL._UL1500_.jpg
Angela Moss;Elliot Alderson;Person;https://a1cf74336522e87f135f-2f21ace9a6cf0052456644b80fa06d4f.ssl.cf2.rackcdn.com/images/characters_opt/p-Mr.Robot-Portia-Doubleday.jpg
Angela Moss;Ecorp;Person;https://a1cf74336522e87f135f-2f21ace9a6cf0052456644b80fa06d4f.ssl.cf2.rackcdn.com/images/characters_opt/p-Mr.Robot-Portia-Doubleday.jpg
Angela Moss;Allsafe;Person;https://a1cf74336522e87f135f-2f21ace9a6cf0052456644b80fa06d4f.ssl.cf2.rackcdn.com/images/characters_opt/p-Mr.Robot-Portia-Doubleday.jpg
Dark Army;Francis Shaw (Cisco);Organization;https://i.pinimg.com/originals/2b/65/6f/2b656f238138d1ba4d125925756a1082.jpg
Dark Army;Zhang Jie Ma;Organization;https://i.pinimg.com/originals/2b/65/6f/2b656f238138d1ba4d125925756a1082.jpg
Dark Army;Li Wei Chen;Organization;https://i.pinimg.com/originals/2b/65/6f/2b656f238138d1ba4d125925756a1082.jpg
Dark Army;Gao Xun;Organization;https://i.pinimg.com/originals/2b/65/6f/2b656f238138d1ba4d125925756a1082.jpg
Darlene Alderson;Sunil Markesh (Mobley);Person;http://args.jackiehonikman.com/wp-content/uploads/2016/10/Screen-Shot-2016-10-02-at-10.43.36-AM-150x150.png
Darlene Alderson;Leslie Romero;Person;http://args.jackiehonikman.com/wp-content/uploads/2016/10/Screen-Shot-2016-10-02-at-10.43.36-AM-150x150.png
Darlene Alderson;Shama Biswas (Trenton);Person;http://args.jackiehonikman.com/wp-content/uploads/2016/10/Screen-Shot-2016-10-02-at-10.43.36-AM-150x150.png
Darlene Alderson;Francis Shaw (Cisco);Person;http://args.jackiehonikman.com/wp-content/uploads/2016/10/Screen-Shot-2016-10-02-at-10.43.36-AM-150x150.png
Darlene Alderson;Elliot Alderson;Person;http://args.jackiehonikman.com/wp-content/uploads/2016/10/Screen-Shot-2016-10-02-at-10.43.36-AM-150x150.png
Darlene Alderson;Fsociety;Person;http://args.jackiehonikman.com/wp-content/uploads/2016/10/Screen-Shot-2016-10-02-at-10.43.36-AM-150x150.png
Donald Hoffman;Joanna Wellick;Person;https://api.personality-database.com/profile_images/111667.png?credit_id=49966
Ecorp;Terry Colby;Organization;https://vignette.wikia.nocookie.net/mrrobot/images/8/87/ECorp.png/revision/latest?cb=20150602024409
Ecorp;Susan Jacobs;Organization;https://vignette.wikia.nocookie.net/mrrobot/images/8/87/ECorp.png/revision/latest?cb=20150602024409
Ecorp;Angela Moss;Organization;https://vignette.wikia.nocookie.net/mrrobot/images/8/87/ECorp.png/revision/latest?cb=20150602024409
Ecorp;Tyrell Wellick;Organization;https://vignette.wikia.nocookie.net/mrrobot/images/8/87/ECorp.png/revision/latest?cb=20150602024409
Ecorp;Terry Colby;Organization;https://vignette.wikia.nocookie.net/mrrobot/images/8/87/ECorp.png/revision/latest?cb=20150602024409
Elliot Alderson;Shayla Nico;Person;https://lh3.googleusercontent.com/proxy/yrPRZceCUs1MAn6wBciXFqwvehEblXPzMHFm8OT1fBNXastlQTL7OECWH-BuGP3-XgTCIlicHtalFfTLV0wkbDyGPSZx0U1WcQITjeJG9iqR5ylxlETMKyRVStXh_7IvEBcVIygB95MJfALLJWLLNSyCZiaLJDa51trd
Elliot Alderson;Tyrell Wellick;Person;https://lh3.googleusercontent.com/proxy/yrPRZceCUs1MAn6wBciXFqwvehEblXPzMHFm8OT1fBNXastlQTL7OECWH-BuGP3-XgTCIlicHtalFfTLV0wkbDyGPSZx0U1WcQITjeJG9iqR5ylxlETMKyRVStXh_7IvEBcVIygB95MJfALLJWLLNSyCZiaLJDa51trd
Elliot Alderson;Darlene Alderson;Person;https://lh3.googleusercontent.com/proxy/yrPRZceCUs1MAn6wBciXFqwvehEblXPzMHFm8OT1fBNXastlQTL7OECWH-BuGP3-XgTCIlicHtalFfTLV0wkbDyGPSZx0U1WcQITjeJG9iqR5ylxlETMKyRVStXh_7IvEBcVIygB95MJfALLJWLLNSyCZiaLJDa51trd
Elliot Alderson;Angela Moss;Person;https://lh3.googleusercontent.com/proxy/yrPRZceCUs1MAn6wBciXFqwvehEblXPzMHFm8OT1fBNXastlQTL7OECWH-BuGP3-XgTCIlicHtalFfTLV0wkbDyGPSZx0U1WcQITjeJG9iqR5ylxlETMKyRVStXh_7IvEBcVIygB95MJfALLJWLLNSyCZiaLJDa51trd
Elliot Alderson;Oliver Parker;Person;https://lh3.googleusercontent.com/proxy/yrPRZceCUs1MAn6wBciXFqwvehEblXPzMHFm8OT1fBNXastlQTL7OECWH-BuGP3-XgTCIlicHtalFfTLV0wkbDyGPSZx0U1WcQITjeJG9iqR5ylxlETMKyRVStXh_7IvEBcVIygB95MJfALLJWLLNSyCZiaLJDa51trd
Elliot Alderson;Gideon Goddard;Person;https://lh3.googleusercontent.com/proxy/yrPRZceCUs1MAn6wBciXFqwvehEblXPzMHFm8OT1fBNXastlQTL7OECWH-BuGP3-XgTCIlicHtalFfTLV0wkbDyGPSZx0U1WcQITjeJG9iqR5ylxlETMKyRVStXh_7IvEBcVIygB95MJfALLJWLLNSyCZiaLJDa51trd
Elliot Alderson;Fsociety;Person;https://lh3.googleusercontent.com/proxy/yrPRZceCUs1MAn6wBciXFqwvehEblXPzMHFm8OT1fBNXastlQTL7OECWH-BuGP3-XgTCIlicHtalFfTLV0wkbDyGPSZx0U1WcQITjeJG9iqR5ylxlETMKyRVStXh_7IvEBcVIygB95MJfALLJWLLNSyCZiaLJDa51trd
Elliot Alderson;Allsafe;Person;https://lh3.googleusercontent.com/proxy/yrPRZceCUs1MAn6wBciXFqwvehEblXPzMHFm8OT1fBNXastlQTL7OECWH-BuGP3-XgTCIlicHtalFfTLV0wkbDyGPSZx0U1WcQITjeJG9iqR5ylxlETMKyRVStXh_7IvEBcVIygB95MJfALLJWLLNSyCZiaLJDa51trd
Francis Shaw (Cisco);Gao Xun;Person;https://vignette.wikia.nocookie.net/mrrobot/images/8/84/Cisco.jpg/revision/latest/top-crop/width/360/height/360?cb=20150810145705
Francis Shaw (Cisco);Vincent Campbell;Person;https://vignette.wikia.nocookie.net/mrrobot/images/8/84/Cisco.jpg/revision/latest/top-crop/width/360/height/360?cb=20150810145705
Francis Shaw (Cisco);Darlene Alderson;Person;https://vignette.wikia.nocookie.net/mrrobot/images/8/84/Cisco.jpg/revision/latest/top-crop/width/360/height/360?cb=20150810145705
Francis Shaw (Cisco);Dark Army;Person;https://vignette.wikia.nocookie.net/mrrobot/images/8/84/Cisco.jpg/revision/latest/top-crop/width/360/height/360?cb=20150810145705
Fsociety;Elliot Alderson;Organization;https://images-na.ssl-images-amazon.com/images/I/51M-PzriKOL.jpg
Fsociety;Darlene Alderson;Organization;https://images-na.ssl-images-amazon.com/images/I/51M-PzriKOL.jpg
Fsociety;Tyrell Wellick;Organization;https://images-na.ssl-images-amazon.com/images/I/51M-PzriKOL.jpg
Fsociety;Fsociety Militants;Organization;https://images-na.ssl-images-amazon.com/images/I/51M-PzriKOL.jpg
Fsociety Militants;Fsociety;Organization;https://images-na.ssl-images-amazon.com/images/I/51M-PzriKOL.jpg
Fsociety Militants;Vincent Campbell;Organization;https://images-na.ssl-images-amazon.com/images/I/51M-PzriKOL.jpg
Gao Xun;Dark Army;Person;https://upload.wikimedia.org/wikipedia/en/e/ee/Unknown-person.gif
Gao Xun;Francis Shaw (Cisco);Person;https://upload.wikimedia.org/wikipedia/en/e/ee/Unknown-person.gif
Gideon Goddard;Lloyd Chong;Person;https://i.redd.it/utr16xzo9u541.jpg
Gideon Goddard;Elliot Alderson;Person;https://i.redd.it/utr16xzo9u541.jpg
Gideon Goddard;Allsafe;Person;https://i.redd.it/utr16xzo9u541.jpg
Gideon Goddard;Oliver Parker;Person;https://i.redd.it/utr16xzo9u541.jpg
Joanna Wellick;Donald Hoffman;Person;https://queencitybeerleague.files.wordpress.com/2015/09/ms-wellick.png
Joanna Wellick;Kareem Hernandez;Person;https://queencitybeerleague.files.wordpress.com/2015/09/ms-wellick.png
Joanna Wellick;Tyrell Wellick;Person;https://queencitybeerleague.files.wordpress.com/2015/09/ms-wellick.png
Kareem Hernandez;Joanna Wellick;Person;https://vignette.wikia.nocookie.net/mrrobot/images/d/d5/Kareem.PNG/revision/latest/scale-to-width-down/340?cb=20170629174159
Kareem Hernandez;Donald Hoddman;Person;https://vignette.wikia.nocookie.net/mrrobot/images/d/d5/Kareem.PNG/revision/latest/scale-to-width-down/340?cb=20170629174159
Leslie Romero;Darlene Alderson;Person;https://vignette.wikia.nocookie.net/mrrobot/images/7/7b/Romero_perfil.jpg/revision/latest/top-crop/width/360/height/450?cb=20171213182711&path-prefix=es
Li Wei Chen;zhang Jie Ma;Person;https://upload.wikimedia.org/wikipedia/en/e/ee/Unknown-person.gif
Li Wei Chen;Dark Army;Person;https://upload.wikimedia.org/wikipedia/en/e/ee/Unknown-person.gif
Lloyd Chong;Allsafe;Person;https://vignette.wikia.nocookie.net/mrrobot/images/c/c8/Loyd_001Cropped.jpg/revision/latest/top-crop/width/360/height/450?cb=20150608043234
Lloyd Chong;Oliver Parker;Person;https://vignette.wikia.nocookie.net/mrrobot/images/c/c8/Loyd_001Cropped.jpg/revision/latest/top-crop/width/360/height/450?cb=20150608043234
Lloyd Chong;Gideon Goddard;Person;https://vignette.wikia.nocookie.net/mrrobot/images/c/c8/Loyd_001Cropped.jpg/revision/latest/top-crop/width/360/height/450?cb=20150608043234
Oliver Parker;Gideon Goddard;Person;https://vignette.wikia.nocookie.net/mrrobot/images/2/25/Ollie.png/revision/latest/top-crop/width/360/height/450?cb=20150602210621
Oliver Parker;Lloyd Chong;Person;https://vignette.wikia.nocookie.net/mrrobot/images/2/25/Ollie.png/revision/latest/top-crop/width/360/height/450?cb=20150602210621
Oliver Parker;Elliot Alderson;Person;https://vignette.wikia.nocookie.net/mrrobot/images/2/25/Ollie.png/revision/latest/top-crop/width/360/height/450?cb=20150602210621
Oliver Parker;Allsafe;Person;https://vignette.wikia.nocookie.net/mrrobot/images/2/25/Ollie.png/revision/latest/top-crop/width/360/height/450?cb=20150602210621
Shama Biswas (Trenton);Darlene Alderson;Person;https://cdn.jwplayer.com/v2/media/H5lDrp3p/poster.jpg?width=720
Shayla Nico;Elliot Alderson;Person;https://static.tvtropes.org/pmwiki/pub/images/shayla.png
Sunil Markesh (Mobley);Darlene Alderson;Person;https://lh3.googleusercontent.com/proxy/pugnFtXiqvvnxrGXdcpExeCcPQcViU85Xoso7I_XflqW1A63rAOrJ0KbgVEVwKrXyNhlujUDrr9k_c_KYG6bo2AQganMtl6NhxoAwn054_iFF3ESAOeI2pZjaidONhOhfBMO8vLM0GzgHORUD1ueCGk1PPTADHoy9AoM
Susan Jacobs;Ecorp;Person;https://vignette.wikia.nocookie.net/mrrobot/images/d/d0/Susan-Jacobs.png/revision/latest?cb=20160903164531
Terry Colby;Ecorp;Person;https://vignette.wikia.nocookie.net/mrrobot/images/5/54/Terry_Colby.png/revision/latest/top-crop/width/360/height/450?cb=20150602173801
Tyrell Wellick;Joanna Wellick;Person;https://www.usanetwork.com/sites/usanetwork/files/mrrobot_s2_cast_martin_wallstrom.jpg
Tyrell Wellick;Elliot Alderson;Person;https://www.usanetwork.com/sites/usanetwork/files/mrrobot_s2_cast_martin_wallstrom.jpg
Tyrell Wellick;Ecorp;Person;https://www.usanetwork.com/sites/usanetwork/files/mrrobot_s2_cast_martin_wallstrom.jpg
Tyrell Wellick;Fsociety;Person;https://www.usanetwork.com/sites/usanetwork/files/mrrobot_s2_cast_martin_wallstrom.jpg
Vincent Campbell;Fsociety Militants;Person;https://upload.wikimedia.org/wikipedia/en/e/ee/Unknown-person.gif
Vincent Campbell;Francis Shaw (Cisco);Person;https://upload.wikimedia.org/wikipedia/en/e/ee/Unknown-person.gif
Zhang Jie Ma;Dark Army;Person;https://upload.wikimedia.org/wikipedia/en/e/ee/Unknown-person.gif
Zhang Jie Ma;Li Wei Chen;Person;https://upload.wikimedia.org/wikipedia/en/e/ee/Unknown-person.gif